Date,Open,High ,Low,Last,Close,Total Traded Quantity, Turnover  (Lacs)
2017-07-14,1128.25,1128.95,1112.05,1119.5,1117.35,872831,"9,750.65"
2017-07-17,1120.6,1128.7,1115.25,1125.5,1125.45,1260921,"14,146.81"
2017-07-18,1118,1150,1117,1146.5,1146.6,648737,"7,409.13"
2017-07-19,1154.95,1158,1146.05,1152.95,1155.85,964588,"11,133.81"
2017-07-20,1156.9,1157.85,1133.95,1156.15,1155.55,1287749,"14,787.29"
2017-07-21,1156,1172.5,1148,1156.05,1156.1,2017663,"23,426.65"
2017-07-24,1151.6,1159.5,1140,1158.1,1155.75,2063340,"23,712.87"
2017-07-25,1160.05,1165,1140,1148,1150.1,2963793,"34,118.65"
2017-07-26,1134,1144.8,1126,1136.55,1134,1973462,"22,354.97"
2017-07-27,1136.55,1153,1136.05,1153,1148.8,1033335,"11,836.29"
2017-07-28,1148,1156.9,1139,1156,1153.25,616845,"7,083.42"
2017-07-31,1154.15,1164,1146.1,1163,1161.7,777721,"8,984.42"
2017-08-01,1162,1163,1140.5,1150,1148.2,1176561,"13,494.73"
2017-08-02,1150,1152,1135,1145,1144.5,848781,"9,681.48"
2017-08-03,1143,1148.9,1127.1,1148,1146.1,997619,"11,361.03"
2017-08-04,1144,1159.95,1140.65,1159,1157.3,529318,"6,091.99"
2017-08-07,1160,1160.75,1142.4,1150,1149.65,576280,"6,611.76"
2017-08-08,1146,1151.5,1139.1,1150,1147.35,600256,"6,864.69"
2017-08-09,1147.8,1158.9,1140.1,1155.55,1155.55,530763,"6,105.67"
2017-08-10,1154,1160.3,1146,1152.5,1151.1,649594,"7,493.26"
2017-08-11,1135.65,1148.75,1121.2,1146,1143.9,843233,"9,575.66"
2017-08-14,1149.45,1163.7,1145,1155,1154,511994,"5,909.83"
2017-08-16,1154.35,1155.3,1129,1140,1141.3,857454,"9,765.03"
2017-08-17,1141.3,1142.8,1132,1134,1134.95,494638,"5,619.43"
2017-08-18,1131.95,1142.45,1123,1135.55,1140,357491,"4,050.78"
2017-08-21,1141.8,1141.8,1128.5,1137.5,1134.45,456594,"5,173.16"
2017-08-22,1140.1,1142.6,1125.95,1126,1129.45,568911,"6,431.90"
2017-08-23,1131.8,1144.5,1114,1140.1,1141.3,513036,"5,803.51"
2017-08-24,1140.4,1145,1131,1131.2,1135.6,483362,"5,492.94"
2017-08-28,1131.5,1159.75,1126.1,1155.9,1155.9,751938,"8,624.52"
2017-08-29,1155,1155,1139.3,1150.2,1151.7,578071,"6,628.91"
2017-08-30,1149.9,1160.35,1144.3,1154,1153.35,674280,"7,785.74"
2017-08-31,1146.35,1174,1144.3,1171,1168.55,1131097,"13,138.43"
2017-09-01,1174.2,1219,1166,1215,1215.9,1523879,"18,276.52"
2017-09-04,1215.9,1215.9,1192,1197,1197.05,682612,"8,183.80"
2017-09-05,1201.25,1223.05,1200.4,1206.05,1206.35,714964,"8,656.71"
2017-09-06,1198.35,1213.45,1198,1204,1206.05,370400,"4,472.61"
2017-09-07,1218,1218.8,1193.95,1196.1,1198.65,832839,"10,004.03"
2017-09-08,1195,1206,1190,1204.05,1203.95,477517,"5,728.02"
2017-09-11,1206,1241,1199.6,1238.5,1238.05,843302,"10,315.57"
2017-09-12,1242,1259.95,1236.05,1255.8,1256.35,1461215,"18,292.07"
2017-09-13,1250.05,1262,1249,1250,1254.95,913364,"11,463.75"
2017-09-14,1258,1262,1241,1241,1246.05,754072,"9,450.66"
2017-09-15,1230.5,1249.65,1226.2,1247.45,1245.5,912016,"11,301.66"
2017-09-18,1250,1261,1248.8,1252.5,1255.95,419287,"5,264.39"
2017-09-19,1262,1262,1249.2,1253,1253.3,464997,"5,826.34"
2017-09-20,1256.5,1256.9,1235,1238.2,1237.3,473176,"5,869.39"
2017-09-21,1238,1247.25,1224.95,1229,1229.1,772766,"9,554.73"
2017-09-22,1218.05,1230.2,1204.9,1215,1213.25,896125,"10,892.28"
2017-09-25,1205.15,1213.45,1192,1201,1196.95,917093,"11,008.15"
2017-09-26,1187,1189.75,1164,1172,1174,740276,"8,695.14"
2017-09-27,1173.1,1178.55,1152.85,1159.5,1160,786410,"9,169.11"
2017-09-28,1155,1165,1123,1126.9,1130,2353175,"26,659.81"
2017-09-29,1130,1144.95,1127,1131.05,1131.7,791548,"9,005.18"
2017-10-03,1141.3,1160,1135.5,1152,1148.8,834092,"9,573.72"
2017-10-04,1154,1167.1,1147.55,1154.1,1154.05,626750,"7,267.61"
2017-10-05,1149.65,1161.5,1147.6,1152.85,1153.25,327057,"3,777.43"
2017-10-06,1155,1169.7,1153,1154.9,1157.3,344962,"4,003.85"
2017-10-09,1169.8,1169.8,1152.8,1157,1158.6,363972,"4,230.70"
2017-10-10,1156,1166.95,1154,1164,1163,316767,"3,682.82"
2017-10-11,1170,1175.75,1155,1155.5,1160.6,602214,"7,021.10"
2017-10-12,1156.5,1162,1146.05,1159.5,1158.8,658884,"7,593.34"
2017-10-13,1158.8,1177.1,1154.15,1175.95,1174.25,417081,"4,869.56"
2017-10-16,1181,1185,1166,1169,1171.05,689380,"8,081.96"
2017-10-17,1170,1200,1170,1197.7,1197.15,979278,"11,631.07"
2017-10-18,1197.8,1197.8,1170,1175,1179.65,523048,"6,177.46"
2017-10-19,1175,1183.25,1171.15,1176.6,1178.5,77085,908.21
2017-10-23,1184.45,1191.85,1159,1172.6,1174.15,698954,"8,186.35"
2017-10-24,1175,1234,1175,1229,1222.9,2345084,"28,298.04"
2017-10-25,1222.9,1232.05,1195,1199.25,1201.7,1015698,"12,306.20"
2017-10-26,1194,1203.65,1180.7,1187.25,1191.15,808543,"9,621.64"
2017-10-27,1193.9,1195,1178.6,1189,1184.55,346755,"4,113.57"
2017-10-30,1185,1198.8,1179.55,1183,1182.55,280643,"3,330.37"
2017-10-31,1182,1188.85,1176.15,1182,1180.85,279632,"3,304.14"
2017-11-01,1185,1188.55,1174,1176.4,1175.95,260543,"3,073.95"
2017-11-02,1176.4,1181.95,1166,1180,1178.4,245949,"2,888.10"
2017-11-03,1182.45,1183.1,1167.3,1172,1172.45,258595,"3,035.00"
2017-11-06,1168,1173.1,1155,1159.95,1162.35,314729,"3,661.71"
2017-11-07,1158,1164.65,1132.5,1142,1141.45,758497,"8,670.67"
2017-11-08,1147.1,1179.4,1145.05,1168,1172.2,691775,"8,087.25"
2017-11-09,1177.85,1198.45,1173.6,1196.5,1195.6,884722,"10,535.58"
2017-11-10,1194.9,1194.9,1160,1185,1178.6,1130647,"13,233.50"
2017-11-13,1184,1189.5,1168.85,1174.95,1174.95,363501,"4,291.83"
2017-11-14,1174.95,1176,1152.4,1155,1155.05,547558,"6,341.66"
2017-11-15,1155,1190,1151.05,1183,1181.55,829732,"9,697.26"
2017-11-16,1183,1189,1175,1178.1,1179.55,429230,"5,063.20"
2017-11-17,1186,1193.9,1166,1167,1171.3,454013,"5,348.05"
2017-11-20,1173,1176.45,1159.65,1164,1166.35,255840,"2,985.23"
2017-11-21,1168.6,1175,1156,1162.5,1160.3,421268,"4,895.31"
2017-11-22,1162.5,1176.5,1155,1175.5,1174.3,731572,"8,555.28"
2017-11-23,1175.5,1177.9,1157.05,1160.7,1159.6,482632,"5,606.66"
2017-11-24,1164,1164,1148.15,1161,1159.6,406704,"4,702.83"
2017-11-27,1158,1160,1146.1,1158,1156.5,373156,"4,301.07"
2017-11-28,1157.5,1174.9,1150.15,1170,1171,445227,"5,190.28"
2017-11-29,1166,1176.35,1148.25,1150.9,1153.85,516698,"6,009.66"
2017-11-30,1150.25,1158,1141.35,1151.5,1146.75,1433116,"16,437.15"
2017-12-01,1147.2,1154,1130.25,1137,1133.75,397188,"4,540.85"
2017-12-04,1145.45,1145.45,1117,1124.5,1121,455769,"5,125.92"
2017-12-05,1122,1124.15,1108.05,1115.8,1115,702853,"7,829.73"
2017-12-06,1114.8,1114.95,1099,1104.35,1104.35,723473,"8,005.83"
2017-12-07,1108,1151,1106.85,1143,1144.4,986078,"11,092.15"
2017-12-08,1144.95,1153.5,1130.1,1135.5,1135.5,593327,"6,753.36"
2017-12-11,1142,1142.7,1123.4,1127.5,1125.85,551772,"6,227.28"
2017-12-12,1131.85,1131.85,1101,1119.9,1117.4,1060836,"11,776.84"
2017-12-13,1117.9,1137.5,1110,1115.9,1116.55,646677,"7,265.20"
2017-12-14,1122,1129.55,1115.4,1119,1123.45,543059,"6,101.76"
2017-12-15,1129,1134.7,1116,1120,1118.7,897594,"10,065.73"
2017-12-18,1120,1139.95,1110,1137,1137.15,622558,"7,040.27"
2017-12-19,1149,1149.5,1130.95,1137.5,1137.7,459494,"5,226.11"
2017-12-20,1137.5,1141.95,1125,1138,1135.5,458160,"5,204.45"
2017-12-21,1140.95,1144,1130.4,1135,1137.9,460388,"5,236.00"
2017-12-22,1137,1142.5,1132.5,1138.5,1138,377780,"4,299.48"
2017-12-26,1142,1155.6,1140.2,1150.95,1150.75,820589,"9,431.69"
2017-12-27,1150,1157,1142,1146.2,1149.05,611258,"7,025.44"
2017-12-28,1146,1154.35,1138.35,1144.35,1144.4,536350,"6,150.63"
2017-12-29,1145.1,1172.5,1142.05,1160,1158.5,965848,"11,237.68"
2018-01-01,1163,1165,1138.1,1145,1143.65,591349,"6,811.46"
2018-01-02,1146,1150,1134.05,1142.1,1142.75,516171,"5,888.53"
2018-01-03,1149,1149,1135.3,1142,1141.9,593809,"6,772.72"
2018-01-04,1149,1178,1145.9,1175.3,1172.05,729965,"8,498.25"
2018-01-05,1178,1192,1167.45,1187.15,1185.25,1151320,"13,630.70"
2018-01-08,1190,1190.85,1173.5,1182.05,1182,928875,"10,950.91"
2018-01-09,1183.1,1197.2,1175.1,1192,1193.05,699621,"8,311.65"
2018-01-10,1186,1189.1,1171.1,1178.9,1177.4,1102382,"12,993.78"
2018-01-11,1179.9,1189.95,1170,1186,1188.95,475476,"5,623.63"
2018-01-12,1187,1192.55,1176,1188.55,1189.7,390841,"4,634.61"
2018-01-15,1189.65,1208.2,1182.45,1196.2,1204.05,723833,"8,690.41"
2018-01-16,1204.05,1204.05,1184,1187.6,1188.75,557253,"6,635.31"
2018-01-17,1186.8,1196.4,1178.4,1196,1193.75,506648,"6,012.97"
2018-01-18,1195,1204.1,1181,1191.4,1188.25,500762,"5,954.23"
2018-01-19,1183.1,1195,1177.9,1190,1189.9,722692,"8,584.92"
2018-01-22,1192,1193.7,1164.1,1177.85,1176,942542,"11,076.42"
2018-01-23,1176,1177.85,1156.2,1171,1169.9,1841634,"21,478.25"
2018-01-24,1170,1171.65,1145.05,1151,1151.05,1122469,"12,922.09"
2018-01-25,1148,1161.4,1143.45,1154,1150.45,1563047,"17,966.95"
2018-01-29,1154,1164.25,1147.6,1150,1152.05,1538762,"17,737.19"
2018-01-30,1151,1152,1123.45,1128,1126.7,1404578,"15,852.67"
2018-01-31,1128,1139.8,1124,1130.8,1128.3,961596,"10,889.26"
2018-02-01,1126,1157.35,1126,1152,1153,1103162,"12,641.45"
2018-02-02,1148,1148,1123.95,1137,1137.9,872105,"9,929.67"
2018-02-05,1121.2,1140,1114.3,1134.15,1134.1,1263378,"14,200.56"
2018-02-06,1110,1127,1090.1,1110.5,1110.25,1055719,"11,659.55"
2018-02-07,1115,1125.2,1106.55,1121,1121.1,854461,"9,538.97"
2018-02-08,1128,1131.3,1110,1125,1124.05,1185917,"13,251.89"
2018-02-09,1101,1142.25,1101,1136,1130.75,666922,"7,527.86"
2018-02-12,1138,1150,1135.9,1142.5,1144.4,646362,"7,399.57"
2018-02-14,1144,1144,1127,1137.3,1139.15,691596,"7,857.00"
2018-02-15,1135,1139.9,1123,1138.25,1135.45,471072,"5,335.39"
2018-02-16,1136.5,1147,1130,1145,1143.85,734476,"8,361.24"
2018-02-19,1145,1145.8,1111.55,1117.4,1120.35,443677,"4,999.62"
2018-02-20,1123.95,1136,1112.75,1133.65,1126.4,662281,"7,464.05"
2018-02-21,1132.35,1133.25,1115,1123,1127.2,720563,"8,107.35"
2018-02-22,1122.7,1126.4,1101,1117,1118.1,1559398,"17,366.22"
2018-02-23,1117.05,1117.05,1098.9,1100.95,1101.8,1140118,"12,597.06"
2018-02-26,1110,1110,1095.4,1107,1104.8,1170283,"12,890.02"
2018-02-27,1104.8,1113,1098.95,1111.5,1110.35,610498,"6,763.12"
2018-02-28,1104,1124,1099.25,1117,1117.75,1006756,"11,207.10"
2018-03-01,1120,1124.2,1108,1119.3,1118.9,736217,"8,231.74"
2018-03-05,1110.25,1114.85,1100,1106,1105.95,529677,"5,853.90"
2018-03-06,1112.6,1112.6,1100,1102.5,1101.6,702294,"7,746.05"
2018-03-07,1105.7,1109.95,1095.25,1108,1107.25,669686,"7,386.19"
2018-03-08,1114.8,1130,1107.6,1128.95,1127.6,751329,"8,403.34"
2018-03-09,1133,1140,1124.4,1124.95,1129.1,1158526,"13,104.58"
2018-03-12,1131.1,1134,1120,1131,1131.5,527293,"5,956.14"
2018-03-13,1125.2,1143,1125.2,1142,1140.3,711550,"8,103.05"
2018-03-14,1139.95,1144.45,1131.1,1137,1137,1360578,"15,475.35"
2018-03-15,1132.15,1163.75,1132.15,1161,1160.8,1146702,"13,227.40"
2018-03-16,1159.9,1159.9,1118.4,1121.15,1122.75,1946844,"22,153.31"
2018-03-19,1121.15,1124,1097.9,1105,1102.55,855444,"9,450.22"
2018-03-20,1102,1117,1092.15,1105,1106.5,720303,"7,976.64"
2018-03-21,1106.5,1116,1100,1102.5,1103.55,612237,"6,788.41"
2018-03-22,1102.5,1110,1100,1106.95,1107.1,478426,"5,289.80"
2018-03-23,1094.85,1120,1093.05,1113.75,1112.65,828523,"9,194.69"
2018-03-26,1112,1119,1101,1118.95,1117.55,479675,"5,325.71"
2018-03-27,1119,1138,1116.4,1132.8,1131.1,672158,"7,581.93"
2018-03-28,1130.85,1130.85,1115,1119.25,1120.4,699839,"7,836.39"
2018-04-02,1120.4,1153.95,1111.5,1150.2,1150.15,428944,"4,855.41"
2018-04-03,1145.05,1156.7,1138.95,1156.4,1152.1,561118,"6,450.98"
2018-04-04,1156.9,1157.7,1126,1136,1136,607619,"6,925.26"
2018-04-05,1151.8,1156.8,1137.55,1146.4,1142.9,549137,"6,282.74"
2018-04-06,1142.9,1152.8,1135,1146,1143.5,395626,"4,521.65"
2018-04-09,1145,1171.5,1139.95,1154.9,1157.45,837112,"9,724.42"
2018-04-10,1159,1167.7,1152.9,1157.2,1156.75,546269,"6,340.18"
2018-04-11,1157,1158.6,1141.2,1152.75,1155.85,419140,"4,827.17"
2018-04-12,1149.5,1169.9,1144.9,1165.15,1165.2,360744,"4,185.22"
2018-04-13,1170,1176.85,1157.85,1161,1162.2,639579,"7,465.77"
2018-04-16,1160,1188.5,1155,1176.45,1178.85,550645,"6,486.04"
2018-04-17,1180,1187.4,1169,1176,1176,432543,"5,099.52"
2018-04-18,1179,1185,1168,1169.7,1172.3,465763,"5,463.34"
2018-04-19,1172,1187,1162.6,1165.95,1165,620949,"7,299.08"
2018-04-20,1165,1165.95,1142.25,1158.5,1159.35,727517,"8,383.16"
2018-04-23,1160.9,1181.4,1145.4,1177.6,1178.7,554353,"6,466.72"
2018-04-24,1177.5,1182.45,1161.9,1168.05,1170.1,484112,"5,677.58"
2018-04-25,1167,1168.8,1156.05,1164.4,1163.05,280574,"3,260.47"
2018-04-26,1164,1177.05,1149.55,1170,1155.7,1638937,"18,988.84"
2018-04-27,1165.25,1199.1,1164.25,1178.2,1181.6,803227,"9,522.97"
2018-04-30,1189.7,1207,1182.4,1201.1,1201.7,505974,"6,054.15"
2018-05-02,1200.25,1230.6,1197.4,1218.55,1222.3,2011978,"24,528.43"
2018-05-03,1220.3,1230,1201,1202.55,1206.75,641515,"7,787.73"
2018-05-04,1212,1212,1178.1,1190.5,1190.45,743905,"8,841.70"
2018-05-07,1192,1220.8,1180,1214.5,1215.25,728801,"8,754.80"
2018-05-08,1219,1224,1205,1207.95,1209.9,627060,"7,609.65"
2018-05-09,1197.6,1229.1,1197.6,1225,1222.55,729538,"8,899.06"
2018-05-10,1232,1238,1207.5,1215.25,1217.7,1904962,"23,299.26"
2018-05-11,1237,1291.9,1229.85,1285.05,1286.45,4723019,"60,235.01"
2018-05-14,1285,1305,1268.6,1298.4,1297.35,1553283,"20,015.69"
2018-05-15,1291,1323.45,1288.8,1314,1314.65,1368261,"17,972.97"
2018-05-16,1305.15,1332,1300.85,1330.7,1323.7,736281,"9,672.57"
2018-05-17,1313.15,1330,1303.55,1308,1309.45,751423,"9,882.05"
2018-05-18,1305,1316.4,1287.6,1311,1308.35,939743,"12,230.32"
2018-05-21,1305,1314.7,1290.85,1305,1301.7,692442,"9,009.60"
2018-05-22,1298,1302,1279,1284.4,1286.85,708573,"9,125.07"
2018-05-23,1281,1292.15,1269.6,1276.05,1278.6,509522,"6,506.03"
2018-05-24,1277.1,1302.9,1263,1301,1293.6,774173,"9,905.07"
2018-05-25,1300,1310,1280,1286,1292.35,773652,"9,979.44"
2018-05-28,1294.5,1331.9,1291.55,1321.05,1321.85,657272,"8,644.79"
2018-05-29,1326,1330,1289,1297.05,1299.5,769331,"10,039.20"
2018-05-30,1290,1300.95,1283.35,1292.25,1293.85,478025,"6,181.01"
2018-05-31,1300.2,1311.7,1287,1307,1304.65,1400776,"18,213.96"
2018-06-01,1307,1310,1290.8,1291.5,1293.05,368820,"4,789.25"
2018-06-04,1295,1297.5,1265,1277.55,1284.45,939794,"12,002.73"
2018-06-05,1276.25,1293.3,1270.55,1271.2,1273.6,524237,"6,711.91"
2018-06-06,1270.9,1270.9,1245.05,1268,1262.8,1211557,"15,227.48"
2018-06-07,1270.15,1297,1256,1289.25,1290.8,701247,"9,006.02"
2018-06-08,1275,1288.55,1272,1277.5,1278.85,442333,"5,659.27"
2018-06-11,1279,1295.9,1275.2,1281,1283.3,373098,"4,807.41"
2018-06-12,1278.55,1292,1275.2,1288,1287.7,401090,"5,158.25"
2018-06-13,1290,1292.75,1281.95,1281.95,1286.4,566241,"7,290.32"
2018-06-14,1280.45,1289.65,1270,1284.9,1286.1,507824,"6,513.66"
2018-06-15,1284.9,1286.65,1268.1,1285.5,1282.2,1048699,"13,412.02"
2018-06-18,1289.4,1289.65,1271,1282,1282.05,512049,"6,579.97"
2018-06-19,1273,1287.65,1265,1269.1,1269.2,572488,"7,314.54"
2018-06-20,1275,1275,1260,1270.6,1271.3,484907,"6,144.98"
2018-06-21,1272,1279.9,1246,1253.45,1253,1179247,"14,828.80"
2018-06-22,1261.5,1273.55,1240.2,1268,1267.7,646452,"8,144.36"
2018-06-25,1268,1272.1,1249.3,1253.5,1253.45,936253,"11,801.92"
2018-06-26,1255,1279.85,1253,1279.15,1274.6,1262632,"16,004.18"
2018-06-27,1279.15,1285,1263,1272,1267.15,857951,"10,938.53"
2018-06-28,1267.15,1273.45,1250,1265,1268.4,729637,"9,217.95"
2018-06-29,1268.25,1271.1,1252.15,1264,1264.45,622680,"7,862.81"
2018-07-02,1266.5,1297.95,1261,1293,1293.05,1437438,"18,458.88"
2018-07-03,1298.6,1308.6,1288.1,1290,1291.85,1399979,"18,187.53"
2018-07-04,1296,1299.95,1282.75,1289,1289.8,619316,"8,000.70"
2018-07-05,1294.8,1330,1278.3,1324,1321.4,1733903,"22,689.08"
2018-07-06,1325,1335.4,1309.05,1321.5,1323.15,1662920,"22,041.99"
2018-07-09,1330,1367.9,1325.25,1362.8,1363.1,1391869,"18,851.46"
2018-07-10,1362.8,1375.5,1355,1371,1370.45,796987,"10,904.55"
2018-07-11,1360,1384.75,1357.35,1360.2,1359.8,784238,"10,739.45"
2018-07-12,1370,1379,1346,1357,1357.9,953054,"12,974.87"
2018-07-13,1359.5,1374.4,1358.7,1369,1367.8,655594,"8,961.06"
2018-07-16,1370,1394.9,1351.1,1357,1367.8,1234066,"17,020.75"
2018-07-17,1365.4,1383.5,1353.1,1375.4,1359.55,1166581,"16,010.81"
2018-07-18,1386,1399.95,1377.55,1389.05,1376.25,1085504,"15,098.72"
2018-07-19,1395,1408.5,1393.95,1406,1393,848175,"11,896.49"
2018-07-20,1403,1404.75,1381.5,1395,1403,575194,"8,017.29"
2018-07-23,1425.1,1464.4,1396.6,1433.5,1396.45,1975242,"28,187.30"
2018-07-24,1443,1476.2,1425.5,1472.8,1433.2,2171087,"31,621.65"
2018-07-25,1453,1490.6,1421.35,1446.2,1467.75,4310816,"62,735.57"
2018-07-26,1448.1,1457.85,1422.25,1437,1450.15,1732715,"24,822.29"
2018-07-27,1437,1454,1425.35,1434.25,1433.85,630981,"9,085.29"
2018-07-30,1434.25,1451.85,1427,1430,1434.85,750392,"10,808.53"
2018-07-31,1430,1456.6,1426,1449,1430.2,1221636,"17,699.20"
2018-08-01,1458,1459.95,1430.8,1437.25,1451.4,1121286,"16,198.33"
2018-08-02,1437.2,1443.9,1414.85,1415,1437.2,836564,"11,951.84"
2018-08-03,1424,1426.25,1407,1413,1418.4,1002287,"14,155.80"
2018-08-06,1420,1420.9,1394.7,1396,1411.85,795996,"11,166.19"
2018-08-07,1399,1438,1399,1425,1397.4,1915936,"27,285.54"
2018-08-08,1430.95,1447.65,1417,1421.05,1424.25,1063862,"15,256.12"
2018-08-09,1431.9,1433.95,1414.1,1415,1425.75,903734,"12,854.86"
2018-08-10,1420,1439.9,1409.25,1416,1417.35,997053,"14,238.99"
2018-08-13,1414,1421.6,1397,1400,1418.6,875198,"12,320.47"
2018-08-14,1407.9,1416.7,1391.55,1396.85,1399.25,729379,"10,253.04"
2018-08-16,1401,1410,1387,1398.95,1395.1,1050412,"14,684.61"
2018-08-17,1403,1405.15,1390,1400,1394.8,537229,"7,502.60"
2018-08-20,1406,1431,1398,1410.05,1400.65,1259905,"17,831.82"
2018-08-21,1416.45,1425.95,1395.4,1403.2,1409.1,1520772,"21,414.77"
2018-08-23,1410,1412,1390.7,1395,1403.3,859955,"12,040.12"
2018-08-24,1395,1411,1385.05,1393.1,1394.75,919355,"12,845.59"
2018-08-27,1397.5,1407,1396.5,1400.95,1393.5,785772,"11,009.65"
2018-08-28,1402,1419.65,1401,1407,1399.8,1290318,"18,233.56"
2018-08-29,1413.75,1413.75,1391,1393,1407.5,743529,"10,395.06"
2018-08-30,1394.1,1398.7,1373.55,1383,1394,1062266,"14,670.70"
2018-08-31,1383,1392,1364.2,1372.45,1378.7,1006329,"13,839.22"
2018-09-03,1384,1387.5,1355,1359.85,1372.45,817733,"11,209.25"
2018-09-04,1360,1364.6,1302.5,1313,1361.6,1789240,"23,691.08"
2018-09-05,1314.5,1330,1302.45,1318,1311.3,1222703,"16,084.91"
2018-09-06,1327.95,1331.95,1308,1313.4,1321.3,726455,"9,564.71"
2018-09-07,1322.8,1322.8,1310,1317,1314.5,912914,"12,015.44"
2018-09-10,1314.6,1318,1280.5,1290,1316,1121083,"14,504.54"
2018-09-11,1295,1313.3,1286.7,1295.5,1293.1,1676544,"21,848.57"
2018-09-12,1303.5,1303.5,1280,1285.55,1297.85,1111171,"14,362.39"
2018-09-14,1298.8,1336.55,1297.55,1332,1291,1498792,"19,833.55"
2018-09-17,1329.95,1329.95,1302,1305,1333.9,965321,"12,667.62"
2018-09-18,1306,1331.75,1285,1295.7,1308.65,1088372,"14,306.34"
2018-09-19,1304.2,1319.2,1287,1294,1292.1,929673,"12,109.09"
2018-09-21,1292.1,1324.85,1211.9,1303,1291.35,1867297,"24,345.60"
2018-09-24,1300,1316.65,1256,1276,1304.75,1691456,"21,531.80"
2018-09-25,1271.8,1304.85,1257.15,1290,1271.95,1262738,"16,255.44"
2018-09-26,1300,1303.5,1274,1280,1289.9,1338324,"17,172.96"
2018-09-27,1294.8,1314,1276.45,1296,1282,1901166,"24,706.11"
2018-09-28,1293,1315,1286,1288,1287.5,1549540,"20,180.64"
2018-10-01,1299,1307.9,1269,1279,1293.3,1143818,"14,683.92"
2018-10-03,1264.9,1269,1246.15,1248.55,1279.8,1236645,"15,561.82"
2018-10-04,1228,1239.2,1214,1227,1251.75,1557441,"19,088.04"
2018-10-05,1221.45,1240,1191.85,1197.45,1224.7,1344685,"16,329.14"
2018-10-08,1210,1254,1201.1,1243.55,1209.5,1050759,"12,960.14"
2018-10-09,1254,1255.9,1191,1203.4,1247.8,1088738,"13,213.06"
2018-10-10,1205.9,1240.85,1180.9,1226,1201.4,803576,"9,793.98"
2018-10-11,1201,1221.5,1190.45,1220,1225.95,781348,"9,451.09"
2018-10-12,1233.9,1265.95,1233.9,1260,1219.05,1000950,"12,544.31"
2018-10-15,1255,1257.2,1241.5,1250,1261.2,728514,"9,100.56"
2018-10-16,1257,1282.9,1252.55,1265,1250.3,908616,"11,532.51"
2018-10-17,1282.2,1282.25,1255,1260,1267.6,698043,"8,848.31"
2018-10-19,1264,1287,1220.45,1238,1259,1449043,"18,222.69"
2018-10-22,1245,1247.15,1191,1196.9,1235.4,1949683,"23,769.03"
2018-10-23,1135.2,1190,1118,1142.45,1200.4,8272850,"94,164.45"
2018-10-24,1160,1199,1150.15,1191.8,1138.45,2370198,"27,840.16"
2018-10-25,1180.5,1208.95,1175,1199,1186.9,1995349,"23,864.60"
2018-10-26,1200,1202,1168.35,1192.2,1200.05,1440249,"17,056.46"
2018-10-29,1194.8,1213.7,1186.5,1193,1190.3,1186190,"14,207.33"
2018-10-30,1194.8,1208,1175.55,1197.5,1196.05,1075337,"12,890.02"
2018-10-31,1205.6,1234.95,1183.85,1230.3,1196.3,1561884,"18,897.04"
2018-11-01,1233,1244.8,1213.8,1217.8,1230.4,1200280,"14,737.25"
2018-11-02,1242,1291.55,1241.25,1252.6,1217.8,2235848,"28,222.55"
2018-11-05,1252,1260.65,1232.5,1239.95,1247,756887,"9,430.69"
2018-11-06,1242.2,1255,1235,1236,1244.05,815046,"10,128.06"
2018-11-07,1250,1254,1239.2,1252,1238.5,100134,"1,251.42"
2018-11-09,1259.8,1308.9,1256.85,1295,1250.95,2026920,"26,178.70"
2018-11-12,1295,1314.9,1275.15,1281,1295.6,1100286,"14,226.45"
2018-11-13,1277.45,1295.6,1277.45,1284.25,1278.8,1632176,"20,992.27"
2018-11-14,1312,1337.95,1302,1318,1284.9,1631802,"21,612.10"
2018-11-15,1320,1331.85,1313.4,1315.95,1320.55,1065640,"14,064.03"
2018-11-16,1320,1329.8,1313.2,1323.9,1318.3,1113304,"14,706.87"
2018-11-19,1329,1329.85,1305,1320,1321.3,784645,"10,288.42"
2018-11-20,1317,1331.05,1304.7,1307.25,1312.15,867729,"11,427.29"
2018-11-21,1329,1342.5,1313.75,1325.5,1306.85,1374789,"18,253.80"
2018-11-22,1330,1330.7,1308.75,1317.75,1324.2,691593,"9,107.31"
2018-11-26,1329.95,1357.55,1323.6,1349.55,1314.4,2149117,"28,912.58"
2018-11-27,1346.8,1346.8,1326.05,1338.8,1349.5,1130756,"15,083.25"
2018-11-28,1352.9,1354.55,1319.15,1325.5,1339.6,1205630,"16,103.23"
2018-11-29,1336,1355,1330.7,1351.15,1324.25,3556169,"47,956.00"
2018-11-30,1352.8,1361.75,1342.15,1348.65,1350.3,1030541,"13,904.39"
2018-12-03,1345,1359,1335.05,1344.65,1345.95,710748,"9,546.99"
2018-12-04,1336.55,1354.7,1326.45,1330,1338.7,830261,"11,089.61"
2018-12-05,1328.5,1343,1323.6,1328.2,1329.45,864628,"11,506.75"
2018-12-06,1324,1324.95,1286.6,1293.5,1329.5,896350,"11,661.62"
2018-12-07,1306.5,1324,1298.4,1317,1295.1,1037026,"13,655.71"
2018-12-10,1280,1306.25,1262.3,1274.95,1318.65,1074399,"13,753.30"
2018-12-11,1268,1336.45,1252.15,1322.85,1274.2,1746513,"22,811.83"
2018-12-12,1323,1337.2,1311.85,1330,1323.6,986580,"13,089.30"
2018-12-13,1338.45,1343.2,1316,1318,1330.9,1175211,"15,563.74"
2018-12-14,1332.8,1351,1320,1339,1320.2,1869410,"25,063.74"
2018-12-17,1340,1344.95,1330,1335.15,1340.95,665295,"8,887.23"
2018-12-18,1338.45,1361,1327.55,1360.4,1335.85,1581385,"21,242.34"
2018-12-19,1370,1406.8,1370,1400,1355.7,3334213,"46,500.17"
2018-12-20,1389.9,1431.55,1389.05,1428.5,1400.25,2578234,"36,632.53"
2018-12-21,1433.9,1433.9,1382.3,1389.7,1425.8,2098064,"29,313.92"
2018-12-24,1388,1388.95,1351.1,1360,1388.2,1649577,"22,494.28"
2018-12-26,1367.95,1374.9,1347.4,1360.05,1357.05,1790087,"24,380.82"
2018-12-27,1360.05,1384.75,1354.3,1380.05,1363,2174090,"29,724.49"
2018-12-28,1383,1383,1359,1365,1372.5,1705033,"23,281.11"
2018-12-31,1375,1378,1367.3,1369,1366,698593,"9,593.73"
2019-01-01,1373.2,1379.7,1358.6,1368,1373.05,664707,"9,097.71"
2019-01-02,1367,1386.85,1361.6,1380.05,1371.55,1233780,"16,981.45"
2019-01-03,1381.8,1393.85,1378,1387,1383.3,1636293,"22,724.90"
2019-01-04,1388,1401.4,1381.4,1383,1388.3,1202397,"16,756.02"
2019-01-07,1386,1405.4,1383.75,1395.6,1385.85,1074373,"15,003.15"
2019-01-08,1401,1412.7,1395.5,1400,1396,1232440,"17,308.52"
2019-01-09,1402.5,1414,1397.15,1400,1401.25,973687,"13,683.44"
2019-01-10,1390,1400,1388.65,1399.7,1402,1004783,"14,015.61"
2019-01-11,1399.75,1406.2,1392.4,1406,1396.35,473391,"6,633.28"
2019-01-14,1404,1410.6,1385.45,1387.7,1403.65,1360800,"18,961.33"
2019-01-15,1388.6,1414.45,1388.6,1407.95,1388.6,1355920,"19,075.99"
2019-01-16,1410,1412.95,1387.7,1388,1405.95,1189597,"16,591.89"
2019-01-17,1390,1398.5,1383.8,1388.9,1389.75,853829,"11,876.37"
2019-01-18,1391,1404.75,1383,1394.8,1389.6,1092189,"15,260.56"
2019-01-21,1395.2,1424.8,1395.2,1420.85,1400.45,2513582,"35,461.01"
2019-01-22,1423.9,1432.05,1375.25,1404.85,1422.1,5483768,"77,231.97"
2019-01-23,1429,1429.45,1390,1399.85,1406.95,2702265,"38,047.19"
2019-01-24,1400,1413.5,1396.5,1402.6,1396.55,1562800,"21,948.88"
2019-01-25,1408.4,1413.7,1353.3,1371.6,1401.85,1613548,"22,276.45"
2019-01-28,1375,1391,1366.85,1377.9,1372.15,1590764,"21,968.38"
2019-01-29,1377,1400,1373.2,1392,1379.5,1061762,"14,754.87"
2019-01-30,1394,1416.8,1372.1,1390.7,1393.3,1313152,"18,279.70"
2019-01-31,1400,1415,1391.05,1407,1390.4,1256050,"17,672.38"
2019-02-01,1412.4,1469.65,1408.2,1455,1412.6,2077539,"29,970.83"
2019-02-04,1444,1452.8,1434,1445,1457.2,735159,"10,596.14"
2019-02-05,1444.95,1466.9,1443.1,1455,1446.35,786962,"11,439.90"
2019-02-06,1457.85,1476.2,1452.3,1468,1450.35,1088914,"15,985.44"
2019-02-07,1467.05,1476.8,1457,1470,1469.4,697412,"10,223.28"
2019-02-08,1468,1480,1445,1448.35,1472.45,1018518,"14,854.42"
2019-02-11,1447.9,1457.3,1427,1442.15,1448.8,728051,"10,470.73"
2019-02-12,1438.5,1456.9,1435.25,1449,1437.1,947583,"13,720.58"
2019-02-13,1451,1453.65,1417,1418.4,1452.1,507194,"7,281.00"
2019-02-14,1417.65,1423.15,1396.5,1402,1424.15,915441,"12,878.58"
2019-02-15,1400.8,1404.95,1372.1,1401,1399.2,1113223,"15,413.30"
2019-02-18,1401.7,1401.7,1345,1374.95,1393.6,1460282,"19,963.84"
2019-02-19,1372.05,1396.95,1371,1380,1380.05,697530,"9,664.06"
2019-02-20,1380,1398.8,1376,1396.8,1377.85,843469,"11,732.58"
2019-02-21,1399,1407.85,1390.3,1397,1396.9,677142,"9,481.27"
2019-02-22,1399,1407.75,1384.2,1389,1397.8,801380,"11,196.70"
2019-02-25,1399.95,1405.8,1391.35,1398.2,1397.8,711217,"9,950.15"
2019-02-26,1396.9,1407,1378.6,1400.95,1398.25,1147218,"16,026.22"
2019-02-27,1404,1430.85,1395,1402.95,1402,1462017,"20,627.25"
2019-02-28,1414.8,1415,1401.45,1405.2,1405.7,1230935,"17,326.11"
2019-03-01,1409,1417.95,1388.1,1394,1405.2,783876,"10,981.38"
2019-03-05,1393.5,1409.75,1382.7,1401.1,1392.35,1214257,"16,995.38"
2019-03-06,1408,1410,1386.55,1396.75,1403.85,720335,"10,068.51"
2019-03-07,1398.6,1405.5,1392,1395.5,1393.7,746742,"10,448.74"
2019-03-08,1393.75,1394.65,1380,1385,1395.45,524331,"7,266.77"
2019-03-11,1389.2,1423,1385,1419,1382.35,1342007,"18,870.37"
2019-03-12,1422,1445.35,1421.2,1428,1419.8,1333909,"19,119.72"
2019-03-13,1439.4,1439.4,1417,1431,1428.1,708227,"10,101.44"
2019-03-14,1437.6,1446.95,1420,1440,1428.3,1113700,"15,997.55"
2019-03-15,1434,1457,1428.65,1437,1434.75,1667627,"24,012.81"
2019-03-18,1446,1460.6,1436.6,1446.85,1432.55,1148000,"16,595.38"
2019-03-19,1442,1459.85,1440,1453.45,1445.6,886660,"12,890.26"
2019-03-20,1462,1466,1448.5,1455.6,1453.9,764625,"11,142.89"
2019-03-22,1459,1479.9,1452.6,1471.2,1456.15,1380404,"20,255.50"
2019-03-25,1465.1,1475.6,1451.5,1460,1471.25,848078,"12,374.48"
2019-03-26,1460.5,1492.25,1460.5,1482,1457.55,1630147,"24,148.62"
2019-03-27,1494,1496.95,1463.5,1471.5,1485.05,1387002,"20,465.78"
2019-03-28,1473.5,1508.95,1473.5,1500.15,1472.05,1353947,"20,167.43"
2019-03-29,1503.1,1508.65,1485,1490,1497,1094790,"16,337.14"
2019-04-01,1496.75,1504,1490,1493,1492.7,707570,"10,592.11"
2019-04-02,1493,1523.45,1484.55,1522.75,1492.75,1326634,"20,023.90"
2019-04-03,1521.25,1529.85,1493,1503,1519.3,1606692,"24,353.56"
2019-04-04,1504.8,1525,1503,1517.5,1497.6,1409222,"21,389.71"
2019-04-05,1520,1523.65,1503,1513.9,1519,1129222,"17,091.22"
2019-04-08,1514,1514,1486,1492.1,1514.45,925518,"13,850.25"
2019-04-09,1464.7,1474.9,1437.2,1449.8,1496.35,2642226,"38,372.01"
2019-04-10,1449.8,1451,1405.35,1409.7,1444.85,2608319,"37,140.87"
2019-04-11,1409.7,1431.95,1408,1422,1409.85,1494450,"21,265.57"
2019-04-12,1432.75,1444.8,1425.8,1436,1423.15,1510649,"21,723.54"
2019-04-15,1447.95,1451.45,1427,1430,1438.65,791389,"11,393.55"
2019-04-16,1442.75,1464.9,1440.25,1460,1431.55,1463057,"21,328.79"
2019-04-18,1464,1479.9,1460.3,1469,1459,1425676,"20,953.63"
2019-04-22,1459.95,1459.95,1435,1444.35,1469.6,737603,"10,657.40"
2019-04-23,1449,1454.9,1425.9,1429,1443.35,601653,"8,632.22"
2019-04-24,1436,1459.4,1431,1449.3,1431,1154712,"16,740.31"
2019-04-25,1450,1460,1438.1,1449,1450.05,1161847,"16,852.26"
2019-04-26,1450,1459.35,1436,1448,1447.95,704193,"10,173.85"
2019-04-30,1456,1477,1455.3,1464,1448.75,1525776,"22,351.81"
2019-05-02,1465,1472.9,1430.1,1441.9,1463.15,774788,"11,252.35"
2019-05-03,1443.8,1456,1432.2,1436,1436.6,1020007,"14,728.06"
2019-05-06,1434.95,1448.6,1408.55,1418,1438.55,1161960,"16,537.04"
2019-05-07,1426.8,1426.8,1376.35,1391,1412.8,2863939,"40,004.37"
2019-05-08,1382,1395,1362.6,1395,1387.8,1414591,"19,514.63"
2019-05-09,1384.95,1393.65,1346.55,1350,1385.7,2628463,"35,946.76"
2019-05-10,1314.1,1350,1314.1,1345,1354.2,3476379,"46,417.74"
2019-05-13,1341.05,1345.25,1323.65,1336.55,1341.05,862130,"11,483.76"
2019-05-14,1330,1334.75,1302.1,1325,1332.5,2167873,"28,547.12"
2019-05-15,1326,1329,1301.7,1308,1320.25,996276,"13,054.03"
2019-05-16,1312,1314,1295.85,1311.95,1305.95,726485,"9,463.06"
2019-05-17,1305,1330.75,1301,1320,1304.4,860934,"11,351.39"
2019-05-20,1340,1378.4,1335,1372.6,1320,976630,"13,295.10"
2019-05-21,1384,1384,1352.7,1354.05,1373.95,1166297,"15,954.74"
2019-05-22,1360.5,1373.75,1348.05,1363.1,1357.75,840075,"11,471.29"
2019-05-23,1389,1389,1357.7,1362,1368.45,1527569,"20,971.50"
2019-05-24,1392,1400.45,1376.15,1384,1367.75,980933,"13,616.31"
2019-05-27,1386.9,1390.7,1362.7,1369.9,1384.5,782730,"10,718.69"
2019-05-28,1369.95,1388.85,1360,1360.8,1366.85,1562891,"21,397.30"
2019-05-29,1360.8,1366.95,1347.1,1353.55,1364.35,582768,"7,901.85"
2019-05-30,1365,1392,1353.9,1372,1358.25,1032259,"14,181.22"
2019-05-31,1381,1428,1381,1407.05,1374.6,2559888,"36,161.98"
2019-06-03,1431.95,1464.95,1430,1461,1407.3,2867897,"41,641.49"
2019-06-04,1455,1455,1417.05,1422.65,1459.25,1493226,"21,318.68"
2019-06-06,1434.95,1461.85,1424.9,1429,1421.5,1985857,"28,656.72"
2019-06-07,1429,1439.85,1413.05,1416.05,1428.55,878470,"12,509.67"
2019-06-10,1429,1442,1418.5,1422.6,1418.35,800967,"11,456.20"
2019-06-11,1428,1433.35,1409.5,1425,1422.6,743047,"10,580.34"
2019-06-12,1429.95,1439.9,1421,1424.05,1425.5,874293,"12,490.20"
2019-06-13,1429,1438.9,1422.2,1425.8,1425.45,1572720,"22,491.16"
2019-06-14,1430,1431.75,1411,1411,1429.45,546091,"7,750.89"
2019-06-17,1417,1425,1398.9,1399,1412.75,962166,"13,559.17"
2019-06-18,1405,1410.4,1376.05,1380.1,1401.95,1177437,"16,309.53"
2019-06-19,1382,1396.4,1372,1381.5,1380.05,692212,"9,579.55"
2019-06-20,1365.55,1404.9,1360.7,1391.3,1381.15,991210,"13,763.60"
2019-06-21,1379.95,1394.65,1372,1386.75,1392.05,1242165,"17,182.18"
2019-06-24,1386,1398,1368.25,1374.5,1383,757055,"10,430.87"
2019-06-25,1371,1372.45,1360.35,1362,1376.15,1388994,"18,957.68"
2019-06-26,1360,1369.55,1352,1360,1363.1,960174,"13,083.39"
2019-06-27,1361.1,1369.65,1358.15,1363,1359.95,2113899,"28,851.37"
2019-06-28,1365,1371.9,1350.1,1358.95,1361.4,1131371,"15,358.31"
2019-07-01,1368,1374.5,1351.05,1353,1358.15,739182,"10,073.59"
2019-07-02,1356,1360,1340.7,1341.8,1353.85,1171118,"15,782.96"
2019-07-03,1356.05,1371,1349.5,1353.8,1345.75,1378288,"18,730.62"
2019-07-04,1356,1366.35,1351.15,1360,1352,902077,"12,274.25"
2019-07-05,1363.9,1373.45,1351.45,1357.5,1359.7,966162,"13,180.56"
2019-07-08,1358,1358.4,1332.7,1341,1358.7,866416,"11,620.58"
2019-07-09,1344.9,1344.9,1291.25,1321,1340.25,2037332,"26,633.04"
2019-07-10,1317.8,1340.35,1312.05,1322,1321,1115080,"14,791.96"
2019-07-11,1317,1337,1311.05,1332.5,1322.95,757323,"10,057.94"
2019-07-12,1332.45,1369.55,1325.45,1362.8,1332.45,1050985,"14,192.40"
2019-07-15,1362.85,1367,1347.05,1348.95,1353.15,666533,"9,041.15"
2019-07-16,1352,1375,1345,1371,1372.3,782642,"10,697.98"
2019-07-17,1377,1404.85,1375.5,1394,1395.9,1599926,"22,264.19"
2019-07-18,1395,1395.35,1377.2,1384.5,1384.95,802222,"11,116.64"
2019-07-19,1390.1,1399.4,1365,1373.95,1369.1,842552,"11,599.29"
2019-07-22,1367.8,1410,1359.05,1401.15,1404.2,1279369,"17,834.16"
2019-07-23,1409,1443.95,1401.85,1430.3,1429.35,2262423,"32,300.82"
2019-07-24,1430.5,1493.5,1395.15,1478.5,1483.4,7400250,"107,567.64"
2019-07-25,1481.3,1503.85,1459.05,1498,1495.85,4194809,"62,370.79"
2019-07-26,1488.1,1530.8,1485.6,1525,1526.45,2420636,"36,617.47"
2019-07-29,1524.9,1538.25,1506.6,1514.9,1513.25,1634196,"24,840.02"
2019-07-30,1511.1,1527,1502.7,1509.5,1508.75,1436383,"21,754.78"
2019-07-31,1507,1525,1495.15,1522,1521.1,1249734,"18,885.15"
2019-08-01,1515,1531.45,1493.65,1510.15,1504.7,2263295,"34,122.02"
2019-08-02,1509,1550,1504.5,1548,1545.2,3044783,"46,613.43"
2019-08-05,1533.2,1551,1521.7,1526.6,1525.4,1443728,"22,115.37"
2019-08-06,1530,1569.85,1524.05,1563.3,1565.85,2056715,"31,981.54"
2019-08-07,1563.3,1575,1551.9,1559.2,1559.2,1583322,"24,741.51"
2019-08-08,1565.75,1569.7,1540.3,1566.05,1565.9,1579565,"24,514.29"
